-- MySQL dump 10.16  Distrib 10.1.48-MariaDB, for debian-linux-gnu (x86_64)
--
-- Host: localhost    Database: radius
-- ------------------------------------------------------
-- Server version	10.1.48-MariaDB-0ubuntu0.18.04.1

/*!40101 SET @OLD_CHARACTER_SET_CLIENT=@@CHARACTER_SET_CLIENT */;
/*!40101 SET @OLD_CHARACTER_SET_RESULTS=@@CHARACTER_SET_RESULTS */;
/*!40101 SET @OLD_COLLATION_CONNECTION=@@COLLATION_CONNECTION */;
/*!40101 SET NAMES utf8mb4 */;
/*!40103 SET @OLD_TIME_ZONE=@@TIME_ZONE */;
/*!40103 SET TIME_ZONE='+00:00' */;
/*!40014 SET @OLD_UNIQUE_CHECKS=@@UNIQUE_CHECKS, UNIQUE_CHECKS=0 */;
/*!40014 SET @OLD_FOREIGN_KEY_CHECKS=@@FOREIGN_KEY_CHECKS, FOREIGN_KEY_CHECKS=0 */;
/*!40101 SET @OLD_SQL_MODE=@@SQL_MODE, SQL_MODE='NO_AUTO_VALUE_ON_ZERO' */;
/*!40111 SET @OLD_SQL_NOTES=@@SQL_NOTES, SQL_NOTES=0 */;

--
-- Table structure for table `nas`
--

DROP TABLE IF EXISTS `nas`;
/*!40101 SET @saved_cs_client     = @@character_set_client */;
/*!40101 SET character_set_client = utf8 */;
CREATE TABLE `nas` (
  `id` int(10) NOT NULL AUTO_INCREMENT,
  `nasname` varchar(128) NOT NULL,
  `shortname` varchar(32) DEFAULT NULL,
  `type` varchar(30) DEFAULT 'other',
  `ports` int(5) DEFAULT NULL,
  `secret` varchar(60) NOT NULL DEFAULT 'secret',
  `server` varchar(64) DEFAULT NULL,
  `community` varchar(50) DEFAULT NULL,
  `description` varchar(200) DEFAULT 'RADIUS Client',
  PRIMARY KEY (`id`),
  KEY `nasname` (`nasname`)
) ENGINE=InnoDB AUTO_INCREMENT=2 DEFAULT CHARSET=utf8mb4;
/*!40101 SET character_set_client = @saved_cs_client */;

--
-- Dumping data for table `nas`
--

LOCK TABLES `nas` WRITE;
/*!40000 ALTER TABLE `nas` DISABLE KEYS */;
INSERT INTO `nas` VALUES (1,'192.168.201.0/24','red_gestion','other',NULL,'testing123',NULL,NULL,'Red de Gestion SDN');
/*!40000 ALTER TABLE `nas` ENABLE KEYS */;
UNLOCK TABLES;

--
-- Table structure for table `radcheck`
--

DROP TABLE IF EXISTS `radcheck`;
/*!40101 SET @saved_cs_client     = @@character_set_client */;
/*!40101 SET character_set_client = utf8 */;
CREATE TABLE `radcheck` (
  `id` int(11) unsigned NOT NULL AUTO_INCREMENT,
  `username` varchar(64) NOT NULL DEFAULT '',
  `attribute` varchar(64) NOT NULL DEFAULT '',
  `op` char(2) NOT NULL DEFAULT '==',
  `value` varchar(253) NOT NULL DEFAULT '',
  PRIMARY KEY (`id`),
  KEY `username` (`username`(32))
) ENGINE=InnoDB AUTO_INCREMENT=12 DEFAULT CHARSET=utf8mb4;
/*!40101 SET character_set_client = @saved_cs_client */;

--
-- Dumping data for table `radcheck`
--

LOCK TABLES `radcheck` WRITE;
/*!40000 ALTER TABLE `radcheck` DISABLE KEYS */;
INSERT INTO `radcheck` VALUES (1,'invitado01','Cleartext-Password',':=','pass_invitado'),(2,'alumno01','Cleartext-Password',':=','pass_alumno'),(3,'profe01','Cleartext-Password',':=','pass_profe'),(4,'admin01','Cleartext-Password',':=','pass_admin'),(5,'investigador_x','Cleartext-Password',':=','ciencia2025'),(6,'secreto_man','SHA-Password',':=','7110eda4d09e062aa5e4a390b0a572ac0d2c0220'),(7,'investigador_1','SHA-Password',':=','8cb2237d0679ca88db6464eac60da96345513964'),(8,'super_profe','Cleartext-Password',':=','test'),(9,'multirol','SHA-Password',':=','93301ada8177f4b7841620847f3d06d41febdd1d'),(10,'hola@gmail.com','SHA-Password',':=','0f3fde0103dd44077c040215a2fabd09a097aecc'),(11,'hola1@gmail.com','SHA-Password',':=','0f3fde0103dd44077c040215a2fabd09a097aecc');
/*!40000 ALTER TABLE `radcheck` ENABLE KEYS */;
UNLOCK TABLES;

--
-- Table structure for table `radgroupcheck`
--

DROP TABLE IF EXISTS `radgroupcheck`;
/*!40101 SET @saved_cs_client     = @@character_set_client */;
/*!40101 SET character_set_client = utf8 */;
CREATE TABLE `radgroupcheck` (
  `id` int(11) unsigned NOT NULL AUTO_INCREMENT,
  `groupname` varchar(64) NOT NULL DEFAULT '',
  `attribute` varchar(64) NOT NULL DEFAULT '',
  `op` char(2) NOT NULL DEFAULT '==',
  `value` varchar(253) NOT NULL DEFAULT '',
  PRIMARY KEY (`id`),
  KEY `groupname` (`groupname`(32))
) ENGINE=InnoDB DEFAULT CHARSET=utf8mb4;
/*!40101 SET character_set_client = @saved_cs_client */;

--
-- Dumping data for table `radgroupcheck`
--

LOCK TABLES `radgroupcheck` WRITE;
/*!40000 ALTER TABLE `radgroupcheck` DISABLE KEYS */;
/*!40000 ALTER TABLE `radgroupcheck` ENABLE KEYS */;
UNLOCK TABLES;

--
-- Table structure for table `radgroupreply`
--

DROP TABLE IF EXISTS `radgroupreply`;
/*!40101 SET @saved_cs_client     = @@character_set_client */;
/*!40101 SET character_set_client = utf8 */;
CREATE TABLE `radgroupreply` (
  `id` int(11) unsigned NOT NULL AUTO_INCREMENT,
  `groupname` varchar(64) NOT NULL DEFAULT '',
  `attribute` varchar(64) NOT NULL DEFAULT '',
  `op` char(2) NOT NULL DEFAULT '=',
  `value` varchar(253) NOT NULL DEFAULT '',
  PRIMARY KEY (`id`),
  KEY `groupname` (`groupname`(32))
) ENGINE=InnoDB AUTO_INCREMENT=11 DEFAULT CHARSET=utf8mb4;
/*!40101 SET character_set_client = @saved_cs_client */;

--
-- Dumping data for table `radgroupreply`
--

LOCK TABLES `radgroupreply` WRITE;
/*!40000 ALTER TABLE `radgroupreply` DISABLE KEYS */;
INSERT INTO `radgroupreply` VALUES (1,'grupo_invitado','Session-Timeout',':=','3600'),(2,'grupo_invitado','Filter-Id',':=','ROLE_GUEST'),(3,'grupo_alumno','Session-Timeout',':=','14400'),(4,'grupo_alumno','Filter-Id',':=','ROLE_STUDENT'),(5,'grupo_profesor','Session-Timeout',':=','28800'),(6,'grupo_profesor','Filter-Id',':=','ROLE_PROFESSOR'),(7,'grupo_investigador','Session-Timeout',':=','86400'),(8,'grupo_investigador','Filter-Id',':=','ROLE_RESEARCHER'),(9,'grupo_admin','Session-Timeout',':=','0'),(10,'grupo_admin','Filter-Id',':=','ROLE_ADMIN');
/*!40000 ALTER TABLE `radgroupreply` ENABLE KEYS */;
UNLOCK TABLES;

--
-- Table structure for table `radreply`
--

DROP TABLE IF EXISTS `radreply`;
/*!40101 SET @saved_cs_client     = @@character_set_client */;
/*!40101 SET character_set_client = utf8 */;
CREATE TABLE `radreply` (
  `id` int(11) unsigned NOT NULL AUTO_INCREMENT,
  `username` varchar(64) NOT NULL DEFAULT '',
  `attribute` varchar(64) NOT NULL DEFAULT '',
  `op` char(2) NOT NULL DEFAULT '=',
  `value` varchar(253) NOT NULL DEFAULT '',
  PRIMARY KEY (`id`),
  KEY `username` (`username`(32))
) ENGINE=InnoDB DEFAULT CHARSET=utf8mb4;
/*!40101 SET character_set_client = @saved_cs_client */;

--
-- Dumping data for table `radreply`
--

LOCK TABLES `radreply` WRITE;
/*!40000 ALTER TABLE `radreply` DISABLE KEYS */;
/*!40000 ALTER TABLE `radreply` ENABLE KEYS */;
UNLOCK TABLES;

--
-- Table structure for table `radusergroup`
--

DROP TABLE IF EXISTS `radusergroup`;
/*!40101 SET @saved_cs_client     = @@character_set_client */;
/*!40101 SET character_set_client = utf8 */;
CREATE TABLE `radusergroup` (
  `username` varchar(64) NOT NULL DEFAULT '',
  `groupname` varchar(64) NOT NULL DEFAULT '',
  `priority` int(11) NOT NULL DEFAULT '1',
  KEY `username` (`username`(32))
) ENGINE=InnoDB DEFAULT CHARSET=utf8mb4;
/*!40101 SET character_set_client = @saved_cs_client */;

--
-- Dumping data for table `radusergroup`
--

LOCK TABLES `radusergroup` WRITE;
/*!40000 ALTER TABLE `radusergroup` DISABLE KEYS */;
INSERT INTO `radusergroup` VALUES ('invitado01','grupo_invitado',1),('alumno01','grupo_alumno',1),('profe01','grupo_profesor',1),('admin01','grupo_admin',1),('investigador_x','grupo_investigador',1),('secreto_man','grupo_alumno',1),('investigador_1','grupo_investigador',1),('multirol','grupo_profesor',1),('hola@gmail.com','grupo_investigador',1),('hola1@gmail.com','grupo_alumno',1);
/*!40000 ALTER TABLE `radusergroup` ENABLE KEYS */;
UNLOCK TABLES;

--
-- Table structure for table `user_roles`
--

DROP TABLE IF EXISTS `user_roles`;
/*!40101 SET @saved_cs_client     = @@character_set_client */;
/*!40101 SET character_set_client = utf8 */;
CREATE TABLE `user_roles` (
  `id` int(11) NOT NULL AUTO_INCREMENT,
  `username` varchar(64) NOT NULL,
  `role_name` varchar(50) NOT NULL,
  PRIMARY KEY (`id`)
) ENGINE=InnoDB AUTO_INCREMENT=11 DEFAULT CHARSET=utf8mb4;
/*!40101 SET character_set_client = @saved_cs_client */;

--
-- Dumping data for table `user_roles`
--

LOCK TABLES `user_roles` WRITE;
/*!40000 ALTER TABLE `user_roles` DISABLE KEYS */;
INSERT INTO `user_roles` VALUES (1,'admin01','ROLE_ADMIN'),(2,'alumno01','ROLE_STUDENT'),(3,'invitado01','ROLE_GUEST'),(4,'super_profe','ROLE_PROFESSOR'),(5,'super_profe','ROLE_STUDENT'),(6,'multirol','ROLE_STUDENT'),(7,'multirol','ROLE_PROFESSOR'),(8,'hola@gmail.com','ROLE_STUDENT'),(9,'hola@gmail.com','ROLE_RESEARCHER'),(10,'hola1@gmail.com','ROLE_STUDENT');
/*!40000 ALTER TABLE `user_roles` ENABLE KEYS */;
UNLOCK TABLES;
/*!40103 SET TIME_ZONE=@OLD_TIME_ZONE */;

/*!40101 SET SQL_MODE=@OLD_SQL_MODE */;
/*!40014 SET FOREIGN_KEY_CHECKS=@OLD_FOREIGN_KEY_CHECKS */;
/*!40014 SET UNIQUE_CHECKS=@OLD_UNIQUE_CHECKS */;
/*!40101 SET CHARACTER_SET_CLIENT=@OLD_CHARACTER_SET_CLIENT */;
/*!40101 SET CHARACTER_SET_RESULTS=@OLD_CHARACTER_SET_RESULTS */;
/*!40101 SET COLLATION_CONNECTION=@OLD_COLLATION_CONNECTION */;
/*!40111 SET SQL_NOTES=@OLD_SQL_NOTES */;

-- Dump completed on 2025-11-27 23:12:33
